Start,Stop
318,1673
1867,3012
3121,4464
5238,5981
6030,7970
8065,10593
11166,12242
12405,12776
12908,12943
12990,13886
14083,14814
14943,15065
15609,15668
15738,15767
16219,17325
17566,19323
19468,19509
19699,19734
19974,20066
20361,20411
21652,23085
23650,23703
24194,24934
25078,25116
25158,25220
25269,25298
25348,25839
26072,26665
26901,27467
27597,28199
28254,28895
29042,29110
29350,29415
29618,29683
29967,31004
31575,31631
31759,31809
32197,32535
32875,33027
33197,33322
33565,33705
34654,35619
35794,35988
36688,36732
36789,38018
38957,38989
39385,40470
40705,41730
41800,43188
43539,43598
44127,44201
44282,45223
45325,46434
46997,47230
47405,47440
47499,47591
47708,47773
47835,47891
48080,49306
49585,49878
49930,49980
50070,50129
50286,50489
50907,51518
51775,52389
52630,53925
54235,54672
54839,56812
57083,57145
57286,58638
58689,58721
58897,60189
60502,60546
60944,61045
61723,61806
61938,64154
64637,64684
64738,64779
64950,66146
67491,67526
67798,70656
71064,71363
71439,71471
71564,72061
72404,72445
73079,73171
73212,74222
74342,74377
74572,75228
75522,75665
76018,76125
76262,76984
77263,77406
77463,77498
77675,77737
78066,78374
78558,78590
78686,78811
79047,79820
79878,79907
80001,80069
80261,80869
80947,81087
81658,82617
82959,84437
85025,85627
86880,87110
88487,88810
88888,94767
95241,97070
97200,97301
97393,98412
98513,98560
98888,98947
99052,99105
99270,99905
100079,100771
100964,102142
102213,102251
102423,103028
103318,103836
104134,105099
105288,105929
106068,106862
106988,107377
107499,107849
108074,108118
108395,108610
108726,109256
109349,109720
109821,109856
109898,109996
110315,110413
110928,112283
112386,113288
113528,113569
113815,113895
115536,115607
115768,115845
116972,117805
118145,118267
118489,118956
119060,119770
121820,122092
122429,122464
122740,122790
122870,123187
123307,123351
123404,123712
123760,124062
124104,124508
124679,124801
124867,126363
126648,127178
127440,128324
128628,129203
129694,130230
130652,131380
131703,131759
133422,133493
133624,133734
133961,134710
135155,135199
135798,135893
136052,136231
136391,136441
136488,136526
136655,136702
136780,136992
137166,137201
137259,137303
137449,138897
138999,139949
140053,140853
141052,141336
141379,141705
142224,143006
143523,143564
143666,143722
144097,144273
144397,144840
145409,145444
145630,145677
145803,146306
146849,146908
147399,147764
147883,147921
147996,148037
148111,148146
149616,149714
150232,151173
151318,151890
151969,152007
152136,152645
152833,152892
153608,155947
155993,156805
157041,159470
160435,160476
160627,160662
160740,161378
162895,162984
163113,163166
163465,164298
164357,164698
165008,165508
165565,165639
165761,166642
167086,167943
168011,169270
169510,172008
172116,172151
172245,172298
172450,172509
172608,172703
173793,173840
174066,174149
174834,175694
175763,177760
177924,179138
179720,180052
180139,180900
181007,181081
181187,181255
182603,185569
186044,186133
186435,186467
186733,187863
187957,189528
189625,190398
190466,190513
190690,191916
192319,192351
192586,193473
193567,193629
193686,193850
193989,194870
194949,195629
195793,196611
196786,197463
197512,198204
199083,199409
200094,200402
200460,200519
200616,200657
200971,201096
201217,202590
202641,203597
204793,204843
205644,205676
205781,205813
206072,206173
206879,206929
207101,207133
207304,207408
207739,209271
209470,211389
211430,211513
212236,212265
212366,212689
212824,213285
214078,214200
214547,214603
215721,216344
216434,217018
217125,217685
217800,221339
221385,222959
223139,223261
223490,223876
223955,223996
224664,226508
226854,228929
229720,229824
230342,230431
230517,230552
230742,230795
230840,231766
232662,233477
233560,233865
234766,234795
234913,234978
235083,235409
235524,237020
237523,237582
237792,237836
237880,237921
238027,238083
238152,238229
238381,238521
238663,238755
238947,238976
239363,239404
239701,239739
240056,240085
240178,240267
240519,240554
240956,241003
241382,241417
241463,241510
241652,241936
242200,242238
242414,242524
243171,243254
243544,243603
243813,243857
243901,243942
244048,244104
244173,244250
244402,244542
244684,244776
244968,244997
245383,245433
245722,245760
246077,246106
246199,246288
246540,246575
246977,247024
247403,247438
247484,247531
247673,247957
248221,248259
248494,248523
248721,248768
249112,249165
249249,249284
249344,249544
249781,250563
250661,253054
253096,253146
253192,253308
253465,253665
254289,254573
254707,255780
256491,256964
257109,258458
258739,258822
258973,259470
260192,260257
260896,261306
261349,261426
261565,261618
261673,261720
261768,262061
262308,262367
262421,262576
262657,263262
263362,263397
263535,263714
263827,263865
264199,264486
264654,264902
265029,265454
265768,265854
266303,266374
266431,266931
267010,267372
267530,267916
268005,268949
268991,269116
269325,269729
270648,270977
271051,271158
271257,271349
271476,271511
271753,272502
272934,272972
274492,274587
275212,275286
275334,276557
276728,280333
280410,280955
281076,281108
282063,282128
282642,282758
282936,282980
283148,284227
284365,286011
286219,287718
287853,288992
289139,289555
290186,290521
290593,291228
291312,293198
294739,294891
297842,297910
299302,299394
299604,300578
302008,304140
304191,304334
304402,304635
304716,304763
305523,305558
306610,306639
308806,308847
309040,309171
309770,309799
309865,310719
310932,311645
311830,313662
314886,314981
315945,316775
316873,318375
318419,318487
318771,318803
319009,319158
319235,319528
320542,321279
321490,322128
322303,322389
322478,322507
322711,322800
323108,323158
323551,323700
324256,324339
326149,326214
326618,326698
327511,327561
327618,327905
328154,328495
328759,328836
328954,328995
329556,329966
330383,330637
330710,330760
330902,330964
331985,332131
332222,332287
332446,332688
332989,333132
333922,333984
334182,335195
335317,335349
335620,336426
336541,337161
337339,337389
337669,337746
338614,339087
339270,340055
340278,340952
341065,341754
341967,342554
342652,342768
343077,343172
343873,343929
344529,344603
345060,345092
345269,345370
345809,345853
346377,347036
347151,347180
347820,347864
348583,349065
349326,350228
350285,350359
350581,351264
351459,355505
355643,356323
356567,356872
357290,357367
358024,358080
358179,358220
359648,359710
359962,360006
360169,360507
360936,366272
366392,366448
366508,367032
367092,367133
367248,367532
367667,367735
367898,369373
369876,369923
370032,370403
370446,370634
370934,371083
371243,371380
371592,371780
372431,372517
372917,372961
374172,374342
374736,374810
376318,376359
377270,377464
378964,379728
379794,380207
380324,380419
381238,381282
381497,381625
381847,381918
382016,383536
383678,383716
384602,384664
384923,385372
385659,386780
387041,387640
387697,388467
389109,389147
389420,389608
389689,389739
391354,391473
391604,393052
393094,393147
393489,393545
393588,393620
394475,394582
394832,394879
395510,395602
395690,395737
395924,395959
396578,396652
396964,397299
397493,397576
398210,399652
399718,399765
400575,400979
401383,401580
402187,402348
402514,402564
402638,403060
403279,403725
404917,404994
405221,405607
406259,406372
406637,408103
408327,408419
408590,408937
409560,409931
410536,410607
411373,411459
411992,412363
412830,412928
414050,414760
414982,415227
417243,417479
417535,417960
418891,419373
419675,419785
419999,420331
420471,420527
420951,420983
421343,421447
421874,424096
424137,424268
424500,424532
426190,426606
426924,426995
427047,427103
427827,428111
428576,428968
430161,432095
432480,432584
433415,433492
434137,434166
434479,434544
436099,436158
436216,436287
436378,436485
436656,436802
436907,437188
437482,438882
439009,439212
439306,439383
440086,440124
440758,441570
441746,441934
441982,442020
442253,442453
442647,442733
443112,443141
443553,443582
444143,444397
444588,444659
445442,447010
447471,447791
447930,448910
451490,451594
452524,453093
453150,453203
453434,453853
454103,454138
454208,454273
454534,456936
457021,458913
459384,459419
459681,465722
466065,466205
466517,467362
467405,467476
467631,467672
467936,468136
468508,468561
468617,468766
468856,468936
469575,470078
470227,470292
471512,471592
472100,472150
472411,472644
472781,473710
473936,476716
476960,478447
478718,479710
479765,481153
481250,482701
483556,483891
485349,485504
485934,486284
488265,488294
488393,488425
489424,489546
489905,491500
491634,492917
493120,493179
493242,494018
494824,495561
496486,497919
498171,500240
500306,500779
501043,501075
501312,501617
501864,501959
502012,502044
502088,502192
502343,502417
502480,502539
502878,504629
504838,504882
505409,505438
505537,506223
506852,506881
507143,507175
507723,508733
508879,508950
509019,509138
509676,510287
510722,510760
511212,511562
511966,512208
513449,513535
514034,514381
514711,515058
515148,515234
515421,515750
516091,516636
516743,518446
518597,519700
519742,519798
520426,520791
520835,520918
520961,521536
521601,521771
521863,522591
523719,525713
526754,527512
529231,529419
529735,529812
530515,531108
531294,532253
532328,532552
532694,532831
533402,533500
533734,533769
534307,534756
535737,536078
536187,538247
538357,538398
538881,539348
539574,539642
539774,540424
540643,541467
541685,541720
541791,543062
543183,543239
543328,544137
544257,544334
544922,544990
545091,545501
546786,547025
547520,549337
549435,549869
550034,550069
550259,550291
550501,550539
551070,551111
553078,554493
554621,555628
555751,555783
557178,557930
558037,558480
559778,560011
560068,560121
560443,561774
562204,562371
563020,564264
565139,565753
565977,567014
567715,567774
568573,568632
568887,569081
569987,570838
570916,571185
571798,572559
572602,572676
573737,575062
575163,576437
576841,577584
577629,577709
578366,578416
578886,580079
580549,580641
581121,581153
581284,581349
582241,582300
583851,583907
584357,584515
584583,584621
584980,585018
586108,586137
586329,586994
587354,589033
589178,589297
589359,589403
590054,590248
590324,591355
591696,591767
592560,593438
593528,595006
595135,595842
597050,597097
597174,597233
597357,597470
598524,598925
599022,599078
599971,600075
600657,600710
600910,600957
601104,601136
601567,601626
601953,602042
602667,602744
603681,603782
604410,604526
604665,604775
604944,605009
605339,605371
606297,606347
606952,607053
607372,608199
608262,608537
608812,609588
611240,612634
612678,613406
613836,615299
615643,615702
616221,616259
617072,617629
619597,619635
619954,619983
620538,620591
620805,623135
623251,624423
624788,624817
625045,625395
625551,625622
626429,626488
626668,628971
629088,630491
630589,630684
630759,630845
631042,632811
633228,633581
633709,634251
634479,635279
635321,635407
636321,636443
636712,636819
637373,637435
637816,637866
638165,638692
639541,639774
639985,640098
640300,640632
640699,640737
641062,641151
641208,642308
642732,642914
643624,643671
643845,643898
645556,645858
646034,647590
648289,649404
649520,649819
650676,650711
652604,653044
653518,653982
654078,654611
654957,656708
657998,658045
658572,659027
659083,659475
659572,660312
660398,660676
661230,661262
661780,662025
662337,662393
663887,664036
664242,668990
669086,669361
669423,669950
670309,672339
672623,672793
673436,673855
674039,674071
674204,674266
674410,674568
674728,674784
675548,676267
676802,677395
677477,677578
677699,677842
678494,679123
679460,679519
679617,679691
679895,680296
680360,681277
681543,683423
683519,684247
684390,685040
685514,685549
686005,686040
686418,686450
686517,686555
687259,687294
688619,689458
689923,690873
691098,691538
691581,694271
694317,694964
695054,695089
695449,695493
695555,695683
696606,696815
696883,697590
698525,698572
698753,698788
698849,698893
699178,699420
699655,699684
700487,700579
701036,701200
701246,701296
701907,701993
702346,702375
702575,702682
703068,703691
703992,704039
704452,705387
705566,706150
706283,706399
706588,707292
707612,708220
708428,708568
708745,708843
709139,709180
709317,709562
711102,711197
711316,711435
711690,711758
711835,711888
712157,712195
712583,712705
713260,714306
714632,716428
716624,717673
718028,718225
718478,719266
719340,719456
719508,719588
719653,720504
721824,723737
724350,724658
724896,725759
725833,725862
726034,726393
726643,726765
728282,728581
728624,729010
730072,730128
730278,730496
731722,731751
732022,733014
733083,734564
735996,737162
737269,737733
737989,738171
738348,738380
738897,739019
739512,739559
739723,740598
742276,742557
742711,742767
743418,743714
743782,745434
745732,745788
746530,747222
747849,748520
749163,749261
749985,750311
751018,751047
751598,753328
753490,755295
755743,756036
756460,756501
756576,756620
756694,756762
758357,758395
758656,759396
759479,759958
760132,760224
760455,760859
761213,761263
761552,763468
763798,764307
765679,765723
766351,766797
766977,767024
767578,767742
767821,767868
767991,769619
769727,769756
769847,769975
770317,771012
771456,771497
771949,772326
772996,773700
773823,775715
775895,775930
777209,777496
777692,778207
778540,778617
778745,778780
779440,779490
779616,780296
780377,780988
781053,781106
781186,781218
781343,781924
781996,782046
782100,782801
782884,783774
783901,784788
785219,785335
785400,785747
786284,786385
786837,786992
787045,787110
787320,788576
788642,789514
790223,790264
790660,790695
791008,791085
791796,791960
792309,792374
792582,792677
792769,792867
792918,793754
794039,794107
794414,794455
794683,795030
795184,796062
796142,796171
796258,796290
797827,798105
798237,798788
800110,800925
801213,801257
802356,802739
804382,804729
805544,805636
805701,805787
806408,806491
806577,806627
807109,807222
808967,809188
809662,809781
810122,810250
810405,810434
810518,810589
810985,811620
811861,813189
813525,813560
813721,817878
818033,818113
819389,820039
820145,821035
822021,822101
822609,822659
824021,824068
824420,824884
825469,825504
825727,825813
826043,826081
827656,827688
827741,828016
828168,830108
830259,830897
832908,832961
833217,833264
834267,834335
834602,834829
835052,835939
836304,836357
836440,836748
836857,836916
836991,837551
837656,838621
838751,839452
839520,840062
840269,841072
841157,842086
842313,842765
843186,843287
843949,846579
846714,847442
847551,847679
847772,847891
848126,848788
848921,848983
849313,849402
849567,849611
850216,851184
851225,852505
852704,854338
854443,854748
855166,855243
856122,859406
861541,861639
861966,862118
862659,862691
862813,862848
863548,863610
863798,864688
864826,864858
865160,865537
867079,868800
869005,869037
869490,869594
869668,870480
871948,872121
873972,875258
875301,875336
875721,881855
881978,882082
882803,882913
882962,884065
884170,885270
885440,886882
887313,887603
888137,888178
890069,890215
890439,891197
891277,891831
892192,892512
892662,893774
894418,894498
894657,895211
895278,895991
896766,896891
897273,898592
898946,899467
900303,901835
902449,902751
903526,903840
903978,905510
905961,906029
907313,907552
907654,907830
907979,908467
908767,908862
909159,910157
910516,910683
910998,912164
912369,914390
914607,914645
914735,915070
915151,915201
915534,916415
916823,917164
917255,917290
917396,917497
917593,918117
918545,918592
918823,918870
919020,920408
920703,920828
921062,921544
922041,923012
923161,924540
925826,926023
926222,926332
926511,926858
927107,927946
928087,928308
928641,928721
928771,929742
929820,929849
930220,930693
930891,931013
931451,932050
932269,933882
933959,936136
936253,936603
937608,937667
937739,939025
939106,939819
939874,939906
940316,940696
940810,941484
941906,942112
942196,943497
943958,944200
944810,944944
945520,945912
946015,946047
946807,946911
947040,947111
947839,947868
947963,948037
948442,948495
948754,950220
950270,950308
950363,950668
951375,951941
952110,952166
952318,953769
953842,955740
956031,957602
957804,957851
960748,961221
961469,962584
962637,963263
964344,964379
965513,966136
966245,966913
967075,967125
967847,968779
969066,969140
971034,972176
972426,972578
972719,973459
974079,974156
976245,976295
976455,976565
978474,978608
978804,978833
979056,979529
979762,980064
980177,981307
981541,981624
982864,982929
983773,983868
984327,984359
984505,984597
984716,984814
984898,984975
986722,987180
987274,987501
987735,988049
988871,988906
989099,990232
990552,990680
990968,991690
991810,992865
992978,993886
994844,994903
995207,995767
996174,996704
996792,996872
997133,997177
997284,997415
997462,997497
998621,998800
999022,999690
999764,1000516
1001300,1001425
1001503,1002291
1002635,1002709
1003011,1003046
1003157,1003273
1003325,1003354
1003640,1003675
1004759,1004797
1006959,1007633
1008442,1008480
1008812,1008847
1009990,1010034
1010151,1010180
1010739,1011077
1011307,1011360
1011481,1011561
1013475,1014527
1014706,1014774
1015033,1015074
1015153,1015608
1016039,1016941
1017582,1017788
1017870,1019438
1019545,1019970
1020022,1021383
1021486,1021569
1021634,1021723
1022129,1022200
1022547,1023302
1023493,1024680
1024918,1025010
1026376,1026855
1027526,1027750
1028672,1028866
1028969,1029025
1029301,1029378
1029965,1030756
1031225,1031275
1031346,1031384
1032864,1032920
1034688,1034741
1035020,1035085
1035667,1035708
1036068,1036928
1037755,1037862
1038176,1038205
1038863,1039096
1039232,1039264
1039746,1040624
1041029,1041382
1041446,1042561
1042806,1043033
1043992,1045014
1045126,1045206
1045347,1045439
1045781,1045855
1046022,1046771
1046886,1047377
1047490,1048185
1048266,1049138
1049263,1049499
1049983,1051041
1051341,1051676
1051756,1051881
1052041,1052109
1052509,1053429
1054962,1055147
1057761,1058531
1058694,1058735
1059872,1061275
1061550,1061579
1061727,1061780
1062071,1062115
1062219,1063064
1063751,1064524
1064578,1066377
1066490,1067662
1068685,1068717
1069238,1069279
1070597,1071367
1071906,1072685
1073146,1073568
1073660,1073800
1073985,1074035
1074324,1075325
1076397,1076465
1076989,1077543
1077631,1077672
1078977,1080092
1080210,1080269
1080423,1080494
1080798,1080872
1081183,1082817
1082969,1084225
1084433,1084534
1084853,1085806
1085980,1086078
1086772,1087434
1087791,1087946
1088762,1088854
1088941,1090362
1091977,1092009
1093000,1093773
1093897,1093947
1094235,1095803
1095975,1096835
1097322,1097603
1097708,1097758
1098437,1098988
1099266,1102706
1102858,1103757
1104740,1104829
1105037,1105864
1106041,1107759
1107975,1109663
1110002,1110151
1110769,1113627
1113759,1115630
1115978,1116058
1116100,1116513
1116599,1116658
1117093,1118079
1118371,1118475
1119028,1121022
1121098,1121808
1123309,1123389
1123665,1124078
1124484,1125467
1125761,1126495
1126704,1128194
1128594,1128635
1128746,1129030
1129106,1129351
1129412,1129816
1129954,1131501
1132861,1132920
1134626,1134844
1135292,1135351
1135524,1135631
1136015,1136284
1136769,1136903
1137024,1137053
1137101,1137400
1137515,1137556
1140010,1140087
1140164,1140208
1140430,1140693
1141471,1141560
1142640,1142714
1143877,1143915
1144421,1144450
1145254,1145289
1145645,1145749
1146028,1146177
1147144,1147197
1147575,1147730
1150120,1150200
1150695,1150739
1151233,1151262
1151559,1151711
1153010,1153783
1153848,1154204
1156065,1156235
1157240,1157272
1157455,1157565
1157868,1158008
1158566,1158844
1159237,1159275
1159490,1159543
1159649,1159684
1159744,1159830
1159873,1159962
1160220,1160753
1161051,1161230
1161410,1161484
1161983,1162207
1162399,1162512
1162995,1163147
1163592,1163663
1164145,1164252
1164387,1164422
1164470,1165960
1166025,1167608
1168021,1168368
1168988,1169047
1169260,1169541
1169910,1169984
1170600,1170635
1171550,1171621
1171958,1172014
1172947,1173003
1173540,1173665
1173706,1174122
1174250,1175605
1175671,1176156
1176304,1176654
1176777,1177091
1177143,1177865
1177914,1178078
1178214,1178273
1178421,1179167
1179843,1179932
1180873,1181088
1181338,1181625
1181720,1182421
1183039,1183101
1183156,1183233
1184050,1184193
1184311,1184403
1184818,1185330
1185705,1187195
1187552,1187989
1188949,1189788
1190017,1190079
1190435,1190539
1190736,1191542
1191998,1192045
1192390,1192422
1192974,1194092
1194153,1194824
1194929,1196083
1196220,1197182
1197244,1198047
1198240,1198341
1198637,1199776
1200060,1200632
1200682,1202082
1202171,1203592
1203634,1204998
1205369,1205899
1206448,1206489
1206590,1207111
1207717,1208571
1208741,1208887
1209821,1210462
1210515,1210613
1210756,1211031
1211206,1211301
1211719,1211853
1211935,1212990
1213340,1213426
1213636,1215087
1215481,1215594
1215852,1215884
1215992,1216084
1216646,1216693
1217220,1217249
1217422,1217451
1217645,1218178
1218342,1218398
1218493,1219122
1219178,1219240
1219478,1219522
1219727,1219756
1219936,1220904
1221133,1221210
1221829,1222056
1222115,1222201
1222612,1222668
1222765,1223829
1224184,1224222
1224390,1224551
1225300,1226781
1226862,1227563
1228003,1228266
1228379,1228444
1228669,1228746
1228994,1229290
1229965,1230021
1230318,1230773
1231491,1231604
1231781,1232308
1232486,1232521
1232625,1232663
1233626,1233655
1233904,1234434
1234779,1235330
1236166,1236246
1237266,1237340
1237610,1237822
1237928,1239013
1239150,1239797
1240358,1240681
1240835,1240864
1241048,1242100
1242664,1244508
1245384,1248794
1248892,1249344
1250600,1250698
1251083,1251121
1251974,1252030
1252372,1252560
1252605,1252634
1253026,1253064
1253510,1253578
1254083,1254178
1254231,1254287
1254459,1254722
1255043,1255264
1255357,1257069
1257182,1259449
1259530,1259841
1259917,1261728
1261916,1261969
1262652,1263131
1263462,1263530
1263829,1264629
1264808,1264891
1264982,1265074
1265392,1266003
1266209,1266247
1266445,1266564
1267115,1268473
1268652,1268705
1269834,1270433
1270758,1270832
1270964,1271062
1272961,1273080
1274271,1274363
1274571,1274600
1274745,1274774
1274883,1275542
1275958,1276026
1277726,1278025
1278737,1278778
1279255,1279377
1279552,1279611
1281321,1281773
1282060,1282242
1282473,1283393
1284470,1284544
1286639,1286680
1287012,1287053
1287376,1287591
1287710,1288243
1288651,1288926
1289188,1290126
1290241,1291524
1293088,1293654
1294197,1294229
1294360,1294902
1295741,1295830
1296007,1296084
1296171,1296557
1296691,1297551
1297766,1299901
1299964,1301268
1301331,1301402
1301551,1302453
1302570,1303013
1303162,1304436
1304580,1305236
1305339,1305758
1305850,1306092
1306231,1306263
1306607,1306642
1306890,1306967
1307763,1308170
1308351,1310318
1310990,1312774
1312857,1313324
1313467,1313505
1313635,1313673
1313761,1313850
1314230,1315435
1315767,1317563
1317685,1317729
1318075,1318122
1319677,1320375
1320608,1322284
1322410,1323327
1323447,1323683
1323794,1325017
1325816,1325923
1326136,1326183
1326440,1326808
1326876,1328213
1328467,1328496
1328609,1329652
1329695,1329793
1331018,1331347
1331439,1331666
1331813,1333807
1334028,1334267
1335234,1335323
1335660,1335737
1335811,1335951
1336155,1336235
1336420,1336578
1337177,1337293
1338491,1338529
1339086,1339163
1339236,1339376
1339474,1339533
1339592,1340320
1341107,1341865
1341959,1341997
1342418,1342618
1342682,1343824
1344036,1345100
1346850,1346891
1346983,1347054
1347827,1351285
1351467,1351934
1352042,1353082
1353374,1353673
1354633,1354668
1354806,1356035
1356317,1356355
1356445,1356606
1356769,1357683
1357753,1358697
1358834,1359103
1359352,1361523
1362051,1362095
1362560,1362598
1362675,1362719
1363826,1363975
1364031,1364570
1364770,1364841
1365359,1366207
1366457,1367425
1367559,1368650
1368863,1368928
1368974,1369033
1369659,1369730
1369776,1369832
1370769,1370804
1371674,1371763
1371946,1372011
1372949,1374103
1374368,1375465
1375896,1375931
1377568,1377600
1378840,1379901
1380004,1380561
1380720,1381187
1381241,1381354
1381702,1382565
1382716,1382976
1383489,1384343
1384692,1385714
1385912,1385968
1386072,1386815
1387008,1387214
1387689,1387718
1388089,1389210
1389351,1390031
1390222,1390671
1390791,1390880
1390921,1390965
1391124,1391174
1391431,1391490
1391873,1392385
1392514,1393380
1393517,1394584
1394659,1396026
1396346,1396399
1396529,1396579
1396765,1397046
1397134,1397178
1397265,1397492
1398077,1399327
1399455,1399490
1399702,1400796
1401131,1401163
1401343,1402359
1402550,1403230
1403453,1403503
1404027,1404092
1404716,1404781
1404928,1404960
1405685,1405723
1406366,1406713
1406819,1406878
1407195,1407818
1408555,1408797
1409503,1409544
1409775,1409996
1410148,1412421
1413358,1413468
1413646,1414719
1415021,1415176
1415254,1416693
1416962,1417738
1417843,1418685
1418803,1420095
1420931,1421362
1421514,1422185
1423255,1423833
1423902,1425146
1425259,1425288
1425419,1426465
1426682,1426729
1426888,1426947
1427271,1427354
1427660,1428328
1428442,1428939
1429582,1429665
1429765,1430127
1430333,1432819
1432974,1434644
1434828,1434863
1434934,1435209
1435375,1435410
1435635,1437866
1437943,1438689
1439889,1440614
1440948,1440998
1441114,1441296
1441343,1441540
1441581,1442114
1442234,1442308
1442490,1442519
1442630,1442674
1443986,1444042
1444229,1444285
1444554,1444601
1445543,1446358
1447119,1447220
1448258,1448404
1448495,1448566
1449365,1449448
1452146,1452799
1453294,1454310
1455260,1455295
1456614,1456688
1457066,1457104
1458188,1458250
1458654,1458776
1458980,1459126
1461853,1461882
1462349,1463467
1464032,1464196
1464683,1464742
1467499,1467624
1467980,1468114
1469943,1469984
1470083,1470163
1470832,1471026
1471231,1471266
1471511,1471696
1471878,1471946
1473313,1473408
1473820,1473861
1474732,1474776
1474876,1474914
1475163,1475219
1475483,1475908
1476224,1476301
1476642,1476968
1477088,1477129
1477664,1477762
1478088,1478180
1479102,1479173
1479930,1479959
1480595,1480642
1481011,1481058
1481857,1481919
1482767,1482841
1483549,1484544
1484830,1484877
1485370,1485441
1486000,1486245
1486457,1486522
1486928,1487011
1487331,1487471
1492287,1492352
1494864,1494920
1495221,1495850
1496014,1496055
1496259,1496294
1496436,1496540
1497818,1497877
1498742,1498948
1499175,1499231
1499336,1499398
1499875,1499955
1500201,1500296
1500474,1500530
1502323,1502400
1502706,1502735
1504755,1504850
1505387,1505440
1505845,1505964
1506408,1506467
1508336,1508380
1508705,1508734
1509009,1509119
1509252,1509455
1509904,1510068
1510679,1511182
1511375,1511812
1512567,1512605
1512754,1512837
1513436,1513477
1513917,1514171
1515276,1515395
1515566,1515610
1516879,1516917
1517020,1517049
1517261,1517356
1517416,1517460
1520436,1520528
1523964,1524104
1524154,1525962
1527540,1527587
1529635,1529682
1530727,1531353
1531930,1532010
1532486,1532659
1532954,1533034
1535307,1535408
1536498,1536644
1537815,1538501
1538990,1539937
1540016,1540225
1540744,1540836
1542286,1542351
1543674,1543757
1544056,1544115
1545767,1545811
1546321,1546359
1547112,1547153
1547734,1547865
1548034,1548456
1548701,1549906
1550152,1550289
1550435,1550815
1551057,1551110
1551824,1551940
1554360,1555643
1555859,1555897
1556032,1556109
1557408,1557572
1558565,1558600
1558842,1558901
1559707,1559799
1560691,1560870
1561298,1561333
1562108,1562347
1566951,1566980
1567158,1567250
1567617,1567646
1568237,1568287
1571145,1571231
1572798,1572851
1574914,1575093
1578560,1578736
1579106,1579213
1586310,1586339
1586620,1586664
1586756,1586800
1586987,1587079
1587184,1587231
1587834,1587866
1589829,1589972
1590375,1590413
1592726,1592767
1594609,1594653
1595535,1595612
1595686,1595742
1595819,1595887
1596277,1596366
1597987,1598070
1598769,1598882
1603903,1604010
1604847,1604879
1608684,1608719
1611141,1611224
1612025,1612174
1613809,1613871
1614920,1614985
1615166,1615363
1616145,1616453
1620037,1621188
1622583,1623047
1623840,1623872
1626876,1626956
1627812,1628615
1631408,1631455
1632911,1632994
1634099,1634170
1634521,1634559
1635431,1635478
1639033,1639062
1639120,1639722
1639964,1640041
1643470,1643514
1645255,1645293
1646669,1647781
1649903,1649947
1650226,1650291
1651005,1651055
1651552,1651707
1652006,1652218
1653159,1653410
1655644,1655721
1656173,1656484
1657466,1657534
1658125,1658268
1659580,1659705
1664574,1664624
1664698,1665405
1667446,1667583
1669140,1669178
1672665,1672703
1675256,1675339
1675562,1675633
1676412,1676474
1677409,1680009
1680132,1680560
1680644,1681564
1681721,1681837
1682029,1682628
1683019,1683207
1684542,1684583
1684729,1684836
1685603,1685890
1686120,1686221
1686362,1686520
1690750,1690839
1692385,1692423
1694588,1694620
1694771,1695028
1695520,1695606
1696280,1696888
1699199,1699240
1702430,1702504
1708167,1708205
1708312,1708518
1711653,1711700
1712107,1712637
1712706,1713209
1714270,1714437
1714959,1715126
1715620,1715670
1716267,1716338
1716858,1717160
1717795,1717884
1720618,1720740
1720877,1720966
1721226,1721345
1722046,1722075
1722522,1722554
1723445,1723648
1724196,1724462
1724611,1724712
1724778,1724849
1726029,1726250
1726505,1726555
1726970,1727101
1728162,1728302
1730667,1730732
1731775,1731903
1731955,1732893
1734440,1734526
1735914,1736030
1738416,1738466
1740789,1740842
1740974,1741048
1741663,1741728
1741777,1741857
1742287,1742337
1742940,1743020
1743235,1743552
1744411,1744560
1744992,1745033
1745154,1745453
1745553,1745690
1747480,1747542
1748655,1748699
1749188,1749337
1749878,1751176
1751304,1752371
1752636,1752689
1754320,1754406
1754449,1754526
1755142,1755282
1755342,1755470
1756295,1756339
1757474,1757566
1757770,1757811
1758300,1758392
1759091,1759201
1761021,1761050
1761950,1762042
1762200,1763165
1763941,1764843
1766138,1766209
1766539,1766619
1766943,1766987
1767104,1767214
1767846,1768490
1769479,1769700
1769972,1770046
1770237,1770305
1770851,1770913
1771555,1771587
1771772,1771894
1772175,1773410
1773514,1774773
1775466,1775582
1775835,1775879
1776638,1776820
1777014,1777082
1778303,1778338
1779831,1779965
1781696,1781773
1783071,1783127
1783314,1783349
1783762,1783893
1785443,1785475
1788260,1788334
1788904,1788945
1789103,1789288
1792640,1792669
1795681,1796925
1797512,1797880
1797972,1798727
1800924,1801016
1801880,1801930
1802575,1802673
1803274,1803306
1803921,1803986
1805041,1805928
1807537,1807617
1809835,1809900
1812505,1812600
1813227,1813265
1813693,1813758
1813814,1814011
1814123,1814158
1815114,1815197
1815539,1815574
1815790,1815831
1817764,1817922
1818302,1818388
1820129,1820308
1820918,1820953
1821285,1821341
1822174,1822215
1822641,1822802
1823548,1823583
1823835,1823900
1826015,1826044
1828113,1828229
1828968,1829042
1830186,1830227
1833074,1834480
1835044,1835109
1835966,1836031
1836750,1836848
1839970,1840284
1842844,1842882
1845031,1845141
1846564,1846611
1847938,1847967
1848238,1848267
1848861,1848941
1849156,1849473
1850332,1850481
1850913,1850954
1851075,1851374
1851474,1851611
1853401,1853463
1854748,1855521
1855568,1855933
1857503,1857538
1857650,1857691
1857856,1858611
1859240,1859284
1859637,1859666
1859889,1860068
1862026,1862058
1862423,1862893
1863726,1864217
1864751,1864792
1866120,1866194
1867126,1867323
1868432,1868461
1869684,1869716
1870130,1871758
1873884,1873973
1874038,1874529
1874828,1874890
1876921,1877292
1877454,1877504
1879673,1879717
1879983,1880120
1880753,1880842
1880966,1881001
1881582,1881632
1882324,1882398
1884318,1884545
1885312,1885488
1887109,1887204
1887461,1887550
1888148,1888270
1890951,1891139
1891938,1891967
1892599,1892712
1895081,1895179
1895802,1895873
1897847,1897966
1898397,1898537
1898842,1898871
1899967,1900032
1901124,1901240
1901590,1901667
1902001,1902051
1902283,1902414
1902740,1902859
1903913,1904113
1904221,1905864
1905958,1906551
1909248,1909424
1911494,1911682
1913443,1913487
1914372,1914407
1916161,1916448
1916569,1916619
1916939,1917028
1917069,1917188
1918363,1918593
1918681,1919505
1919654,1919701
1919915,1919959
1920523,1920624
1922439,1923809
1923925,1924113
1926665,1926694
1927222,1927260
1927597,1927722
1927977,1928015
1931672,1931743
1934028,1934069
1935943,1935990
1939168,1939980
1940074,1942638
1945848,1945979
1946562,1946657
1948289,1948336
1949276,1949308
1949933,1950163
1950415,1950534
1952944,1952991
1953513,1953713
1953836,1954237
1954738,1954800
1955643,1955732
1956225,1956257
1957812,1957871
1958212,1958376
1958536,1958589
1959642,1959713
1961719,1961814
1963424,1963507
1963738,1963806
1963852,1964457
1964783,1966972
1967261,1967404
1967942,1968268
1969863,1969910
1970001,1970030
1971337,1971546
1972805,1972867
1974482,1974538
1974795,1974830
1976608,1976694
1978450,1978485
1981774,1982640
1983022,1983051
1983705,1983773
1984056,1985192
1985502,1985537
1985734,1986345
1987615,1987644
1988159,1989802
1990427,1990486
1990976,1991032
1991245,1993326
1995550,1995588
1998544,1998693
1999396,1999557
2000940,2001035
2001554,2001583
2005172,2005246
2011278,2011325
2012703,2012819
2013984,2014019
2016456,2016491
2018689,2018808
2020400,2020549
2025097,2025198
2026693,2026731
2027175,2027240
2028026,2028094
2028794,2028823
2029785,2029814
2034693,2035517
2035690,2036505
2038547,2038696
2039123,2039155
2039358,2039510
2039564,2039638
2040274,2040933
2042402,2042491
2042714,2042953
2043272,2043346
2044043,2044123
2044331,2044402
2046161,2046334
2046910,2047032
2048340,2048402
2049004,2049036
2049580,2049723
2050639,2052114
2052233,2052664
2053142,2053270
2053391,2053471
2054198,2054239
2054938,2055102
2055466,2055555
2055630,2056187
2056274,2057926
2058516,2059511
2059669,2061207
2061350,2062261
2062689,2063651
2064021,2064059
2064479,2064526
2064613,2065506
2065698,2066417
2067480,2067527
2068057,2068089
2068202,2068369
2070493,2070570
2072044,2072079
2077474,2077569
2078605,2078685
2078941,2078976
2079132,2079398
2082932,2083021
2083077,2083106
2083496,2083528
2084134,2084193
2085061,2085105
2085612,2085659
2085702,2085812
2086171,2086236
2086632,2086670
2087618,2087662
2089090,2089167
2089476,2089796
2091747,2091866
2092671,2092850
2093093,2094808
2096684,2096770
2097847,2097900
2098273,2098350
2099256,2099342
2099395,2099451
2099783,2099836
2102608,2104062
2104255,2104359
2104585,2104626
2104827,2104904
2105059,2105115
2105372,2106001
2107429,2107470
2107543,2107587
2108134,2108169
2109224,2109631
2110491,2110619
2111300,2111644
2113560,2113646
2113864,2113899
2114670,2114759
2116069,2116248
2117259,2117327
2118716,2118760
2120797,2121030
2121607,2121669
2123377,2123502
2123558,2123593
2124278,2124334
2124968,2125048
2126663,2126851
2127062,2128876
2130201,2130377
2130551,2130652
2131158,2132330
2132377,2132436
2134576,2134635
2135134,2135190
2136487,2136531
2137596,2137673
2139329,2139358
2140046,2140963
2141071,2141814
2143004,2143051
2143097,2143165
2143453,2143500
2143848,2143895
2144106,2144228
2144338,2144373
2144874,2145065
2145127,2145513
2146617,2146676
2147031,2147075
2147496,2147549
2149186,2149293
2149998,2150120
2150243,2150554
2151741,2153696
2154153,2154206
2155360,2155398
2158131,2158160
2158526,2158624
2161890,2161928
2162498,2162536
2163331,2163405
2164931,2164960
2169363,2170526
2170606,2170647
2170822,2170893
2171086,2171217
2171796,2171900
2172710,2173591
2174716,2174748
2177373,2177504
2178231,2178284
2178526,2178585
2179717,2179845
2181249,2181287
2181329,2182216
2182371,2182784
2183934,2184101
2184277,2184405
2184456,2184500
2185300,2185350
2185398,2185442
2186054,2186338
2186394,2186831
2187663,2188424
2188967,2189563
2189605,2190402
2192379,2192609
2192693,2193448
2193645,2194412
2194848,2194946
2195554,2196339
2196381,2196413
2197267,2197728
2198710,2198763
2198832,2198864
2199614,2199700
2199761,2199826
2199981,2200190
2203513,2203617
2207482,2207520
2207959,2208003
2208516,2208545
2209892,2209948
2210609,2211244
2211343,2211378
2211431,2211586
2213449,2213571
2215013,2215066
2217222,2217953
2219045,2219167
2223043,2223204
2223923,2223967
2227412,2229154
2231797,2231841
2232087,2233094
2233150,2233791
2233867,2233953
2234357,2234533
2234981,2235028
2236903,2236962
2239701,2239757
2240357,2240392
2241187,2241327
2241470,2241499
2242537,2242611
2242731,2242760
2244186,2244218
2246804,2246956
2247040,2247111
2250431,2250820
2252648,2252680
2252954,2253001
2253455,2253535
2254557,2254847
2255908,2255979
2257881,2257925
2258697,2259260
2259318,2259350
2259583,2259627
2259848,2259877
2260553,2260699
2261329,2261412
2261671,2261712
2262811,2262840
2263058,2263093
2263197,2263241
2264972,2265112
2267150,2267215
2268287,2268382
2268589,2268657
2269737,2269916
2270348,2270458
2273095,2273262
2275349,2275441
2278560,2278634
2279145,2279219
2279426,2279461
2281834,2281869
2283086,2283127
2285442,2285561
2286839,2287183
2287518,2288513
2289542,2289571
2289983,2290069
2291127,2291171
2294066,2294098
2295205,2295279
2297338,2297679
2297834,2297869
2298097,2298210
2298802,2298882
2301847,2301882
2302565,2302648
2302726,2302845
2303103,2303201
2304680,2304835
2305180,2305602
2306177,2306716
2306833,2307714
2308453,2308491
2308847,2308921
2312084,2312137
2312332,2312361
2313592,2313624
2314092,2314133
2315336,2315419
2316526,2316645
2317204,2317251
2317589,2317627
2320877,2320906
2321221,2321775
2323049,2323123
2324548,2325408
2325642,2327402
2327461,2328330
2328719,2328796
2328866,2328910
2329327,2329389
2329731,2330921
2331026,2331079
2331163,2331231
2331820,2332053
2333658,2333696
2334002,2334055
2334187,2334252
2335349,2335390
2335449,2335478
2337786,2338406
2339161,2339418
2339611,2341071
2341862,2343013
2343858,2345150
2345476,2345526
2346247,2346285
2346941,2347285
2348303,2348407
2349508,2350320
2350488,2350541
2351863,2351931
2354537,2354572
2354703,2354756
2354813,2354842
2356322,2356360
2357041,2357145
2357224,2357424
2357853,2357945
2358091,2358120
2358447,2358476
2358909,2359013
2359882,2359914
2360435,2360713
2361275,2361376
2361897,2362274
2362727,2363110
2364074,2364103
2364329,2364373
2364642,2364680
2375080,2375154
2376582,2376683
2377554,2377703
2377995,2378075
2378204,2378386
2378978,2379007
2384809,2384931
2387335,2387397
2391861,2391902
2392112,2392147
2394172,2394261
2394486,2394761
2397294,2397491
2398023,2398091
2398685,2399161
2399542,2400243
2400610,2400666
2401008,2402366
2402438,2402833
2403125,2403190
2403480,2403635
2404274,2404354
2404449,2404481
2404541,2404597
2404771,2404803
2405052,2405282
2407128,2408453
2409105,2409287
2410045,2410098
2410468,2410560
2410632,2410757
2411152,2411238
2411291,2411332
2411650,2411742
2412283,2412354
2412812,2412850
2414600,2414629
2415434,2415469
2418871,2419770
2421874,2421984
2424595,2424636
2424842,2424874
2428683,2428946
2431570,2431638
2431688,2433211
2433296,2434618
2436838,2436876
2437074,2437127
2437340,2437432
2437610,2437816
2437882,2437962
2438176,2438493
2439352,2439501
2439933,2439974
2440095,2440394
2440494,2440631
2442672,2442734
2443548,2443586
2443741,2443902
2444020,2444148
2444218,2444367
2444680,2444745
2445378,2445425
2446712,2446741
2448052,2449155
2449336,2449410
2449609,2449656
2450092,2450271
2450437,2451798
2453475,2453594
2453675,2454349
2454692,2457103
2457208,2457240
2457320,2457379
2457512,2457859
2457909,2459336
2459413,2459478
2459819,2460106
2460150,2460683
2461219,2461692
2461877,2461930
2461995,2463029
2465419,2465493
2465627,2466625
2466713,2467342
2467719,2467754
2469093,2471915
2472089,2472325
2472438,2472938
2474166,2474240
2477475,2478224
2478662,2478691
2479152,2479202
2479318,2479584
2480325,2480528
2482131,2482220
2482573,2482743
2483082,2483216
2483521,2483577
2484149,2484232
2486608,2486904
2487261,2488337
2488539,2488628
2489638,2489772
2491363,2491455
2494733,2494894
2495115,2495189
2496292,2496495
2497411,2497464
2500568,2500696
2500827,2501024
2501306,2501470
2501602,2501709
2501980,2502051
2503254,2503316
2503931,2504236
2505422,2505835
2506443,2506835
2508940,2508972
2510080,2510235
2514471,2514503
2515041,2515307
2518971,2519879
2523245,2523328
2523418,2523465
2523578,2523622
2525104,2525136
2526045,2526089
2526211,2526240
2527835,2527867
2528714,2528806
2529160,2529204
2530352,2530471
2531762,2531797
2533057,2533098
2535470,2535550
2536330,2536494
2536967,2537017
2538703,2538789
2538904,2539041
2539887,2539937
2540255,2540383
2540606,2540716
2541689,2541724
2542014,2542610
2544621,2545433
2546167,2546328
2546628,2546681
2547852,2547968
2548323,2548388
2548654,2548719
2550762,2550794
2551667,2551702
2552809,2552856
2554549,2554578
2556151,2556213
2557722,2557757
2558124,2558162
2558833,2558928
2559472,2559537
2560052,2560168
2562121,2562315
2562513,2562578
2562890,2562955
2564473,2564514
2565009,2565038
2572506,2572535
2574201,2574461
2575186,2575251
2577974,2578039
2578370,2578444
2579148,2579198
2582367,2582426
2583294,2583344
2583497,2584015
2584299,2584439
2585420,2585467
2585781,2585900
2586004,2586060
2586250,2586330
2587710,2587739
2590013,2590042
2591403,2591435
2591796,2591852
2592340,2592546
2592967,2593020
2593640,2593750
2594908,2595543
2595674,2596090
2596266,2597324
2597790,2597828
2599306,2599383
2599648,2599770
2602661,2602708
2605981,2606028
2606894,2606932
2607188,2607250
2609330,2609422
2612684,2612734
2613230,2613328
2614017,2614154
2614849,2615016
2616025,2616075
2617604,2617672
2619170,2619247
2619556,2619612
2620319,2620459
2620535,2620684
2621326,2621514
2624243,2624293
2626892,2626960
2627232,2627273
2627413,2627451
2627712,2627786
2630003,2630038
2630195,2630233
2631063,2631158
2633181,2633216
2634177,2634362
2634608,2634730
2635167,2637920
2640984,2641169
2641471,2641500
2641545,2641580
2641887,2641976
2643753,2643938
2644013,2644069
2644506,2644580
2646463,2646558
2647442,2647504
2648278,2648466
2649075,2649194
2650367,2650537
2651245,2651277
2652547,2652759
2653793,2653897
2654065,2654118
2654416,2654481
2655302,2655364
2655497,2655544
2655851,2655916
2656861,2656896
2657307,2657372
2658962,2659039
2659405,2659458
2659852,2660145
2661884,2662003
2662328,2662399
2662504,2662542
2662766,2662882
2663152,2663181
2664515,2664676
2664783,2664827
2664944,2665033
2665248,2665727
2666859,2666903
2669061,2669126
2670643,2671134
2672891,2672971
2673185,2673502
2674361,2674510
2674942,2674983
2675104,2675403
2675503,2675640
2677681,2677743
2679599,2681125
2682889,2682921
2683187,2684056
2684973,2685041
2685269,2685352
2685414,2685494
2687196,2687525
2688716,2688781
2689442,2690332
2690681,2690716
2690780,2690854
2692888,2693001
2693187,2693243
2694220,2694318
2695003,2695110
2695347,2695442
2697409,2697471
2698481,2698594
2700078,2700122
2702485,2702523
2702770,2702919
2703331,2703501
2705203,2705298
2705501,2705647
2708446,2708478
2708657,2708722
2709246,2709386
2710787,2710840
2711029,2711103
2711206,2711301
2711944,2711997
2712931,2713365
2713669,2713710
2713962,2714942
2715123,2715164
2716986,2717096
2718424,2718783
2719457,2719489
2721612,2721656
2721900,2721968
2723252,2723281
2723417,2723458
2724406,2724441
2724624,2724674
2726226,2726255
2727049,2727114
2728057,2728110
2728912,2728959
2729390,2729488
2730354,2730398
2730829,2730870
2732673,2732762
2732889,2733038
2733625,2733726
2733822,2733932
2734462,2734503
2734747,2735076
2735783,2735863
2737473,2737508
2739212,2739262
2739714,2739752
2741173,2741256
2742561,2742626
2742680,2742748
2743211,2743264
2745907,2746377
2746423,2746878
2747073,2747414
2748282,2748683
2749423,2749530
2750858,2750998
2751071,2751112
2751764,2752054
2752540,2752683
2755530,2755751
2756210,2756479
2757606,2757911
2758046,2759353
2760014,2760052
2760472,2760534
2763854,2763949
2764800,2764838
2765266,2765295
2766715,2766795
2767878,2767940
2770205,2770282
2771282,2771338
2771599,2772612
2772757,2773230
2774684,2775523
2775644,2776486
2778297,2778437
2781720,2781758
2782489,2782548
2782739,2782894
2783035,2783067
2783658,2783789
2783903,2783935
2785331,2785468
2786702,2787061
2787628,2787711
2787816,2787914
2788173,2788454
2788586,2788648
2789012,2789086
2790048,2790086
2790684,2790995
2793593,2793646
2794598,2794648
2795420,2796997
2798626,2799087
2799794,2799877
2802022,2802090
2802165,2802458
2802543,2802998
2803190,2803402
2803447,2803644
2804111,2804242
2805153,2805197
2805439,2805486
2806370,2807398
2807459,2810107
2811645,2811791
2811849,2811896
2812289,2812921
2814512,2814595
2815039,2815074
2815213,2815263
2817204,2817359
2818124,2818240
2818890,2818925
2820544,2821587
2822871,2822948
2824079,2824651
2825684,2825737
2826515,2828236
2829464,2829607
2829971,2830012
2830284,2830523
2830634,2830759
2831047,2831103
2832696,2832734
2832994,2833062
2833240,2833269
2834447,2834677
2834796,2834828
2834884,2834940
2836179,2836289
2837602,2837640
2838380,2838439
2839518,2839568
2840169,2840264
2840863,2841126
2842413,2843867
2843914,2844216
2844258,2845601
2845655,2846497
2847185,2847280
2847793,2847846
2850620,2852950
2854780,2854857
2860659,2860727
2861424,2862614
2862871,2863035
2863763,2863792
2864913,2864945
2865452,2865487
2866138,2866200
2872457,2872555
2874364,2874411
2874618,2874752
2875107,2875169
2875908,2875952
2876631,2876660
2877670,2877717
2879105,2879155
2882410,2882481
2883763,2883801
2884493,2884789
2885051,2885125
2886206,2886241
2886644,2886691
2886798,2886830
2886971,2887048
2887923,2888027
2889230,2889343
2889726,2889773
2889888,2889953
2893553,2893699
2894699,2894758
2895253,2895546
2895858,2895941
2896241,2897059
2897633,2897662
2898532,2899266
2900082,2900123
2900973,2901002
2901188,2901322
2901374,2901418
2902053,2902136
2903086,2903115
2903794,2903991
2906084,2906149
2907153,2909708
2910165,2910380
2912992,2913123
2913179,2913247
2916288,2916890
2917900,2917983
2918279,2918386
2919468,2919674
2922098,2922151
2922907,2923041
2924193,2924222
2926097,2926180
2926397,2926480
2927494,2927559
2928101,2928130
2928173,2928325
2929128,2929169
2930393,2930461
2933303,2934715
2934836,2934955
2935662,2935694
2937929,2937973
2939464,2939511
2940053,2941033
